identity/LineItemId,lineItem/UsageStartDate,lineItem/UnblendedCost,lineItem/UsageAmount,product/instanceType,product/region,lineItem/CurrencyCode,product/ProductName
item-100,2026-09-01 00:00:00,0.0503,1.0,t3.medium,us-east-1,USD,Amazon Elastic Compute Cloud
item-101,2026-09-01 01:00:00,0.1793,1.0,c5.xlarge,us-west-2,USD,Amazon Elastic Compute Cloud
item-102,2026-09-01 02:00:00,0.5074,1.0,r5.2xlarge,eu-west-1,USD,Amazon Elastic Compute Cloud
item-103,2026-09-01 03:00:00,0.5299,1.0,g4dn.xlarge,ap-south-1,USD,Amazon Elastic Compute Cloud
item-104,2026-09-01 04:00:00,0.0529,10.0,,us-east-1,USD,Amazon Simple Storage Service
item-105,2026-09-01 05:00:00,0.0434,1.0,t3.medium,us-west-2,USD,Amazon Elastic Compute Cloud
item-106,2026-09-01 06:00:00,0.1766,1.0,c5.xlarge,eu-west-1,USD,Amazon Elastic Compute Cloud
item-107,2026-09-01 07:00:00,0.5066,1.0,r5.2xlarge,ap-south-1,USD,Amazon Elastic Compute Cloud
item-108,2026-09-01 08:00:00,0.532,1.0,g4dn.xlarge,us-east-1,USD,Amazon Elastic Compute Cloud
item-109,2026-09-01 09:00:00,0.0562,10.0,,us-west-2,USD,Amazon Simple Storage Service
item-110,2026-09-01 10:00:00,0.0505,1.0,t3.medium,eu-west-1,USD,Amazon Elastic Compute Cloud
item-111,2026-09-01 11:00:00,0.1756,1.0,c5.xlarge,ap-south-1,USD,Amazon Elastic Compute Cloud
item-112,2026-09-01 12:00:00,0.5062,1.0,r5.2xlarge,us-east-1,USD,Amazon Elastic Compute Cloud
item-113,2026-09-01 13:00:00,0.5328,1.0,g4dn.xlarge,us-west-2,USD,Amazon Elastic Compute Cloud
item-114,2026-09-01 14:00:00,0.0567,10.0,,eu-west-1,USD,Amazon Simple Storage Service
item-115,2026-09-01 15:00:00,0.0431,1.0,t3.medium,ap-south-1,USD,Amazon Elastic Compute Cloud
item-116,2026-09-01 16:00:00,0.1771,1.0,c5.xlarge,us-east-1,USD,Amazon Elastic Compute Cloud
item-117,2026-09-01 17:00:00,0.5125,1.0,r5.2xlarge,us-west-2,USD,Amazon Elastic Compute Cloud
item-118,2026-09-01 18:00:00,0.5329,1.0,g4dn.xlarge,eu-west-1,USD,Amazon Elastic Compute Cloud
item-119,2026-09-01 19:00:00,0.051,10.0,,ap-south-1,USD,Amazon Simple Storage Service
item-120,2026-09-01 20:00:00,0.042,1.0,t3.medium,us-east-1,USD,Amazon Elastic Compute Cloud
item-121,2026-09-01 21:00:00,0.1723,1.0,c5.xlarge,us-west-2,USD,Amazon Elastic Compute Cloud
item-122,2026-09-01 22:00:00,0.5095,1.0,r5.2xlarge,eu-west-1,USD,Amazon Elastic Compute Cloud
item-123,2026-09-01 23:00:00,0.53,1.0,g4dn.xlarge,ap-south-1,USD,Amazon Elastic Compute Cloud
item-124,2026-09-02 00:00:00,0.0542,10.0,,us-east-1,USD,Amazon Simple Storage Service
item-125,2026-09-02 01:00:00,0.051,1.0,t3.medium,us-west-2,USD,Amazon Elastic Compute Cloud
item-126,2026-09-02 02:00:00,0.1744,1.0,c5.xlarge,eu-west-1,USD,Amazon Elastic Compute Cloud
item-127,2026-09-02 03:00:00,0.5051,1.0,r5.2xlarge,ap-south-1,USD,Amazon Elastic Compute Cloud
item-128,2026-09-02 04:00:00,0.5305,1.0,g4dn.xlarge,us-east-1,USD,Amazon Elastic Compute Cloud
item-129,2026-09-02 05:00:00,0.0586,10.0,,us-west-2,USD,Amazon Simple Storage Service
item-130,2026-09-02 06:00:00,0.0417,1.0,t3.medium,eu-west-1,USD,Amazon Elastic Compute Cloud
item-131,2026-09-02 07:00:00,0.1713,1.0,c5.xlarge,ap-south-1,USD,Amazon Elastic Compute Cloud
item-132,2026-09-02 08:00:00,0.507,1.0,r5.2xlarge,us-east-1,USD,Amazon Elastic Compute Cloud
item-133,2026-09-02 09:00:00,0.5329,1.0,g4dn.xlarge,us-west-2,USD,Amazon Elastic Compute Cloud
item-134,2026-09-02 10:00:00,0.054,10.0,,eu-west-1,USD,Amazon Simple Storage Service
item-135,2026-09-02 11:00:00,0.0506,1.0,t3.medium,ap-south-1,USD,Amazon Elastic Compute Cloud
item-136,2026-09-02 12:00:00,0.1768,1.0,c5.xlarge,us-east-1,USD,Amazon Elastic Compute Cloud
item-137,2026-09-02 13:00:00,0.5065,1.0,r5.2xlarge,us-west-2,USD,Amazon Elastic Compute Cloud
item-138,2026-09-02 14:00:00,0.5349,1.0,g4dn.xlarge,eu-west-1,USD,Amazon Elastic Compute Cloud
item-139,2026-09-02 15:00:00,0.0531,10.0,,ap-south-1,USD,Amazon Simple Storage Service
item-140,2026-09-02 16:00:00,0.0418,1.0,t3.medium,us-east-1,USD,Amazon Elastic Compute Cloud
item-141,2026-09-02 17:00:00,0.177,1.0,c5.xlarge,us-west-2,USD,Amazon Elastic Compute Cloud
item-142,2026-09-02 18:00:00,0.5137,1.0,r5.2xlarge,eu-west-1,USD,Amazon Elastic Compute Cloud
item-143,2026-09-02 19:00:00,0.5268,1.0,g4dn.xlarge,ap-south-1,USD,Amazon Elastic Compute Cloud
item-144,2026-09-02 20:00:00,0.0508,10.0,,us-east-1,USD,Amazon Simple Storage Service
item-145,2026-09-02 21:00:00,0.0485,1.0,t3.medium,us-west-2,USD,Amazon Elastic Compute Cloud
item-146,2026-09-02 22:00:00,0.1768,1.0,c5.xlarge,eu-west-1,USD,Amazon Elastic Compute Cloud
item-147,2026-09-02 23:00:00,0.5126,1.0,r5.2xlarge,ap-south-1,USD,Amazon Elastic Compute Cloud
item-148,2026-09-03 00:00:00,0.5262,1.0,g4dn.xlarge,us-east-1,USD,Amazon Elastic Compute Cloud
item-149,2026-09-03 01:00:00,0.0525,10.0,,us-west-2,USD,Amazon Simple Storage Service
item-150,2026-09-03 02:00:00,0.0498,1.0,t3.medium,eu-west-1,USD,Amazon Elastic Compute Cloud
item-151,2026-09-03 03:00:00,0.1747,1.0,c5.xlarge,ap-south-1,USD,Amazon Elastic Compute Cloud
item-152,2026-09-03 04:00:00,0.5098,1.0,r5.2xlarge,us-east-1,USD,Amazon Elastic Compute Cloud
item-153,2026-09-03 05:00:00,0.5347,1.0,g4dn.xlarge,us-west-2,USD,Amazon Elastic Compute Cloud
item-154,2026-09-03 06:00:00,0.0559,10.0,,eu-west-1,USD,Amazon Simple Storage Service
item-155,2026-09-03 07:00:00,0.0417,1.0,t3.medium,ap-south-1,USD,Amazon Elastic Compute Cloud
item-156,2026-09-03 08:00:00,0.1737,1.0,c5.xlarge,us-east-1,USD,Amazon Elastic Compute Cloud
item-157,2026-09-03 09:00:00,0.5109,1.0,r5.2xlarge,us-west-2,USD,Amazon Elastic Compute Cloud
item-158,2026-09-03 10:00:00,0.5322,1.0,g4dn.xlarge,eu-west-1,USD,Amazon Elastic Compute Cloud
item-159,2026-09-03 11:00:00,0.0599,10.0,,ap-south-1,USD,Amazon Simple Storage Service
item-160,2026-09-03 12:00:00,0.0471,1.0,t3.medium,us-east-1,USD,Amazon Elastic Compute Cloud
item-161,2026-09-03 13:00:00,0.1797,1.0,c5.xlarge,us-west-2,USD,Amazon Elastic Compute Cloud
item-162,2026-09-03 14:00:00,0.5105,1.0,r5.2xlarge,eu-west-1,USD,Amazon Elastic Compute Cloud
item-163,2026-09-03 15:00:00,0.5278,1.0,g4dn.xlarge,ap-south-1,USD,Amazon Elastic Compute Cloud
item-164,2026-09-03 16:00:00,0.0512,10.0,,us-east-1,USD,Amazon Simple Storage Service
item-165,2026-09-03 17:00:00,0.0504,1.0,t3.medium,us-west-2,USD,Amazon Elastic Compute Cloud
item-166,2026-09-03 18:00:00,0.1723,1.0,c5.xlarge,eu-west-1,USD,Amazon Elastic Compute Cloud
item-167,2026-09-03 19:00:00,0.5095,1.0,r5.2xlarge,ap-south-1,USD,Amazon Elastic Compute Cloud
item-168,2026-09-03 20:00:00,0.5282,1.0,g4dn.xlarge,us-east-1,USD,Amazon Elastic Compute Cloud
item-169,2026-09-03 21:00:00,0.0561,10.0,,us-west-2,USD,Amazon Simple Storage Service
item-170,2026-09-03 22:00:00,0.044,1.0,t3.medium,eu-west-1,USD,Amazon Elastic Compute Cloud
item-171,2026-09-03 23:00:00,0.1724,1.0,c5.xlarge,ap-south-1,USD,Amazon Elastic Compute Cloud
item-172,2026-09-04 00:00:00,0.5063,1.0,r5.2xlarge,us-east-1,USD,Amazon Elastic Compute Cloud
item-173,2026-09-04 01:00:00,0.534,1.0,g4dn.xlarge,us-west-2,USD,Amazon Elastic Compute Cloud
item-174,2026-09-04 02:00:00,0.055,10.0,,eu-west-1,USD,Amazon Simple Storage Service
item-175,2026-09-04 03:00:00,0.045,1.0,t3.medium,ap-south-1,USD,Amazon Elastic Compute Cloud
item-176,2026-09-04 04:00:00,0.1737,1.0,c5.xlarge,us-east-1,USD,Amazon Elastic Compute Cloud
item-177,2026-09-04 05:00:00,0.5073,1.0,r5.2xlarge,us-west-2,USD,Amazon Elastic Compute Cloud
item-178,2026-09-04 06:00:00,0.5332,1.0,g4dn.xlarge,eu-west-1,USD,Amazon Elastic Compute Cloud
item-179,2026-09-04 07:00:00,0.0529,10.0,,ap-south-1,USD,Amazon Simple Storage Service
item-180,2026-09-04 08:00:00,0.0422,1.0,t3.medium,us-east-1,USD,Amazon Elastic Compute Cloud
item-181,2026-09-04 09:00:00,0.1764,1.0,c5.xlarge,us-west-2,USD,Amazon Elastic Compute Cloud
item-182,2026-09-04 10:00:00,0.5091,1.0,r5.2xlarge,eu-west-1,USD,Amazon Elastic Compute Cloud
item-183,2026-09-04 11:00:00,0.5298,1.0,g4dn.xlarge,ap-south-1,USD,Amazon Elastic Compute Cloud
item-184,2026-09-04 12:00:00,0.0568,10.0,,us-east-1,USD,Amazon Simple Storage Service
item-185,2026-09-04 13:00:00,0.047,1.0,t3.medium,us-west-2,USD,Amazon Elastic Compute Cloud
item-186,2026-09-04 14:00:00,0.1758,1.0,c5.xlarge,eu-west-1,USD,Amazon Elastic Compute Cloud
item-187,2026-09-04 15:00:00,0.5085,1.0,r5.2xlarge,ap-south-1,USD,Amazon Elastic Compute Cloud
item-188,2026-09-04 16:00:00,0.5292,1.0,g4dn.xlarge,us-east-1,USD,Amazon Elastic Compute Cloud
item-189,2026-09-04 17:00:00,0.0538,10.0,,us-west-2,USD,Amazon Simple Storage Service
item-190,2026-09-04 18:00:00,0.0429,1.0,t3.medium,eu-west-1,USD,Amazon Elastic Compute Cloud
item-191,2026-09-04 19:00:00,0.1715,1.0,c5.xlarge,ap-south-1,USD,Amazon Elastic Compute Cloud
item-192,2026-09-04 20:00:00,0.5059,1.0,r5.2xlarge,us-east-1,USD,Amazon Elastic Compute Cloud
item-193,2026-09-04 21:00:00,0.5318,1.0,g4dn.xlarge,us-west-2,USD,Amazon Elastic Compute Cloud
item-194,2026-09-04 22:00:00,0.0529,10.0,,eu-west-1,USD,Amazon Simple Storage Service
item-195,2026-09-04 23:00:00,0.05,1.0,t3.medium,ap-south-1,USD,Amazon Elastic Compute Cloud
item-196,2026-09-05 00:00:00,0.1775,1.0,c5.xlarge,us-east-1,USD,Amazon Elastic Compute Cloud
item-197,2026-09-05 01:00:00,0.51,1.0,r5.2xlarge,us-west-2,USD,Amazon Elastic Compute Cloud
item-198,2026-09-05 02:00:00,0.528,1.0,g4dn.xlarge,eu-west-1,USD,Amazon Elastic Compute Cloud
item-199,2026-09-05 03:00:00,0.0545,10.0,,ap-south-1,USD,Amazon Simple Storage Service
item-200,2026-09-05 04:00:00,0.0511,1.0,t3.medium,us-east-1,USD,Amazon Elastic Compute Cloud
item-201,2026-09-05 05:00:00,0.1725,1.0,c5.xlarge,us-west-2,USD,Amazon Elastic Compute Cloud
item-202,2026-09-05 06:00:00,0.5079,1.0,r5.2xlarge,eu-west-1,USD,Amazon Elastic Compute Cloud
item-203,2026-09-05 07:00:00,0.53,1.0,g4dn.xlarge,ap-south-1,USD,Amazon Elastic Compute Cloud
item-204,2026-09-05 08:00:00,0.0516,10.0,,us-east-1,USD,Amazon Simple Storage Service
item-205,2026-09-05 09:00:00,0.0483,1.0,t3.medium,us-west-2,USD,Amazon Elastic Compute Cloud
item-206,2026-09-05 10:00:00,0.1794,1.0,c5.xlarge,eu-west-1,USD,Amazon Elastic Compute Cloud
item-207,2026-09-05 11:00:00,0.5095,1.0,r5.2xlarge,ap-south-1,USD,Amazon Elastic Compute Cloud
item-208,2026-09-05 12:00:00,0.531,1.0,g4dn.xlarge,us-east-1,USD,Amazon Elastic Compute Cloud
item-209,2026-09-05 13:00:00,0.0566,10.0,,us-west-2,USD,Amazon Simple Storage Service
item-210,2026-09-05 14:00:00,0.0417,1.0,t3.medium,eu-west-1,USD,Amazon Elastic Compute Cloud
item-211,2026-09-05 15:00:00,0.1711,1.0,c5.xlarge,ap-south-1,USD,Amazon Elastic Compute Cloud
item-212,2026-09-05 16:00:00,0.5047,1.0,r5.2xlarge,us-east-1,USD,Amazon Elastic Compute Cloud
item-213,2026-09-05 17:00:00,0.5307,1.0,g4dn.xlarge,us-west-2,USD,Amazon Elastic Compute Cloud
item-214,2026-09-05 18:00:00,0.0543,10.0,,eu-west-1,USD,Amazon Simple Storage Service
item-215,2026-09-05 19:00:00,0.0419,1.0,t3.medium,ap-south-1,USD,Amazon Elastic Compute Cloud
item-216,2026-09-05 20:00:00,0.1761,1.0,c5.xlarge,us-east-1,USD,Amazon Elastic Compute Cloud
item-217,2026-09-05 21:00:00,0.5046,1.0,r5.2xlarge,us-west-2,USD,Amazon Elastic Compute Cloud
item-218,2026-09-05 22:00:00,0.5263,1.0,g4dn.xlarge,eu-west-1,USD,Amazon Elastic Compute Cloud
item-219,2026-09-05 23:00:00,0.0553,10.0,,ap-south-1,USD,Amazon Simple Storage Service
item-220,2026-09-06 00:00:00,0.0466,1.0,t3.medium,us-east-1,USD,Amazon Elastic Compute Cloud
item-221,2026-09-06 01:00:00,0.1765,1.0,c5.xlarge,us-west-2,USD,Amazon Elastic Compute Cloud
item-222,2026-09-06 02:00:00,0.5124,1.0,r5.2xlarge,eu-west-1,USD,Amazon Elastic Compute Cloud
item-223,2026-09-06 03:00:00,0.5357,1.0,g4dn.xlarge,ap-south-1,USD,Amazon Elastic Compute Cloud
item-224,2026-09-06 04:00:00,0.0501,10.0,,us-east-1,USD,Amazon Simple Storage Service
item-225,2026-09-06 05:00:00,0.0503,1.0,t3.medium,us-west-2,USD,Amazon Elastic Compute Cloud
item-226,2026-09-06 06:00:00,0.1736,1.0,c5.xlarge,eu-west-1,USD,Amazon Elastic Compute Cloud
item-227,2026-09-06 07:00:00,0.5113,1.0,r5.2xlarge,ap-south-1,USD,Amazon Elastic Compute Cloud
item-228,2026-09-06 08:00:00,0.5352,1.0,g4dn.xlarge,us-east-1,USD,Amazon Elastic Compute Cloud
item-229,2026-09-06 09:00:00,0.0596,10.0,,us-west-2,USD,Amazon Simple Storage Service
item-230,2026-09-06 10:00:00,0.0419,1.0,t3.medium,eu-west-1,USD,Amazon Elastic Compute Cloud
item-231,2026-09-06 11:00:00,0.1742,1.0,c5.xlarge,ap-south-1,USD,Amazon Elastic Compute Cloud
item-232,2026-09-06 12:00:00,0.5111,1.0,r5.2xlarge,us-east-1,USD,Amazon Elastic Compute Cloud
item-233,2026-09-06 13:00:00,0.5311,1.0,g4dn.xlarge,us-west-2,USD,Amazon Elastic Compute Cloud
item-234,2026-09-06 14:00:00,0.0578,10.0,,eu-west-1,USD,Amazon Simple Storage Service
item-235,2026-09-06 15:00:00,0.0468,1.0,t3.medium,ap-south-1,USD,Amazon Elastic Compute Cloud
item-236,2026-09-06 16:00:00,0.1795,1.0,c5.xlarge,us-east-1,USD,Amazon Elastic Compute Cloud
item-237,2026-09-06 17:00:00,0.5116,1.0,r5.2xlarge,us-west-2,USD,Amazon Elastic Compute Cloud
item-238,2026-09-06 18:00:00,0.5272,1.0,g4dn.xlarge,eu-west-1,USD,Amazon Elastic Compute Cloud
item-239,2026-09-06 19:00:00,0.0549,10.0,,ap-south-1,USD,Amazon Simple Storage Service
item-240,2026-09-06 20:00:00,0.0476,1.0,t3.medium,us-east-1,USD,Amazon Elastic Compute Cloud
item-241,2026-09-06 21:00:00,0.1763,1.0,c5.xlarge,us-west-2,USD,Amazon Elastic Compute Cloud
item-242,2026-09-06 22:00:00,0.5114,1.0,r5.2xlarge,eu-west-1,USD,Amazon Elastic Compute Cloud
item-243,2026-09-06 23:00:00,0.5339,1.0,g4dn.xlarge,ap-south-1,USD,Amazon Elastic Compute Cloud
item-244,2026-09-07 00:00:00,0.0571,10.0,,us-east-1,USD,Amazon Simple Storage Service
item-245,2026-09-07 01:00:00,0.0464,1.0,t3.medium,us-west-2,USD,Amazon Elastic Compute Cloud
item-246,2026-09-07 02:00:00,0.1727,1.0,c5.xlarge,eu-west-1,USD,Amazon Elastic Compute Cloud
item-247,2026-09-07 03:00:00,0.5113,1.0,r5.2xlarge,ap-south-1,USD,Amazon Elastic Compute Cloud
item-248,2026-09-07 04:00:00,0.5266,1.0,g4dn.xlarge,us-east-1,USD,Amazon Elastic Compute Cloud
item-249,2026-09-07 05:00:00,0.0565,10.0,,us-west-2,USD,Amazon Simple Storage Service
item-250,2026-09-07 06:00:00,0.0492,1.0,t3.medium,eu-west-1,USD,Amazon Elastic Compute Cloud
item-251,2026-09-07 07:00:00,0.179,1.0,c5.xlarge,ap-south-1,USD,Amazon Elastic Compute Cloud
item-252,2026-09-07 08:00:00,0.5138,1.0,r5.2xlarge,us-east-1,USD,Amazon Elastic Compute Cloud
item-253,2026-09-07 09:00:00,0.5275,1.0,g4dn.xlarge,us-west-2,USD,Amazon Elastic Compute Cloud
item-254,2026-09-07 10:00:00,0.0502,10.0,,eu-west-1,USD,Amazon Simple Storage Service
item-255,2026-09-07 11:00:00,0.0427,1.0,t3.medium,ap-south-1,USD,Amazon Elastic Compute Cloud
item-256,2026-09-07 12:00:00,0.1704,1.0,c5.xlarge,us-east-1,USD,Amazon Elastic Compute Cloud
item-257,2026-09-07 13:00:00,0.5096,1.0,r5.2xlarge,us-west-2,USD,Amazon Elastic Compute Cloud
item-258,2026-09-07 14:00:00,0.5352,1.0,g4dn.xlarge,eu-west-1,USD,Amazon Elastic Compute Cloud
item-259,2026-09-07 15:00:00,0.0528,10.0,,ap-south-1,USD,Amazon Simple Storage Service
item-260,2026-09-07 16:00:00,0.0477,1.0,t3.medium,us-east-1,USD,Amazon Elastic Compute Cloud
item-261,2026-09-07 17:00:00,0.179,1.0,c5.xlarge,us-west-2,USD,Amazon Elastic Compute Cloud
item-262,2026-09-07 18:00:00,0.5118,1.0,r5.2xlarge,eu-west-1,USD,Amazon Elastic Compute Cloud
item-263,2026-09-07 19:00:00,0.5353,1.0,g4dn.xlarge,ap-south-1,USD,Amazon Elastic Compute Cloud
item-264,2026-09-07 20:00:00,0.0519,10.0,,us-east-1,USD,Amazon Simple Storage Service
item-265,2026-09-07 21:00:00,0.0439,1.0,t3.medium,us-west-2,USD,Amazon Elastic Compute Cloud
item-266,2026-09-07 22:00:00,0.1777,1.0,c5.xlarge,eu-west-1,USD,Amazon Elastic Compute Cloud
item-267,2026-09-07 23:00:00,0.5127,1.0,r5.2xlarge,ap-south-1,USD,Amazon Elastic Compute Cloud
